rs657452,"1:49,362,434",AGBL4(N),A/G,0.394,0.023,0.003,5.48 × 10−13,
rs12286929,"11:114,527,614",CADM1(N),G/A,0.523,0.022,0.003,1.31 × 10−12,
rs7903146,"10:114,748,339","TCF7L2(B,N)",C/T,0.713,0.023,0.003,1.11 × 10−11,
rs10132280,"14:24,998,019",STXBP6(N),C/A,0.682,0.023,0.003,1.14 × 10−11,
rs17094222,"10:102,385,430",HIF1AN(N),C/T,0.211,0.025,0.004,5.94 × 10−11,
rs7599312,"2:213,121,476","ERBB4(D,N)",G/A,0.724,0.022,0.003,1.17 × 10−10,
rs2365389,"3:61,211,502",FHIT(N),C/T,0.582,0.02,0.003,1.63 × 10−10,
rs2820292,"1:200,050,910",NAV1(N),C/A,0.555,0.02,0.003,1.83 × 10−10,
rs12885454,"14:28,806,589",PRKD1(N),C/A,0.642,0.021,0.003,1.94 × 10−10,
rs16851483,"3:142,758,126",RASA2(N),T/G,0.066,0.048,0.008,3.55 × 10−10,
rs1167827,"7:75,001,105","HIP1(B,N); PMS2L3(B,Q); PMS2P5(Q);",G/A,0.553,0.02,0.003,6.33 × 10−10,
rs758747,"16:3,567,359",NLRC3(N),T/C,0.265,0.023,0.004,7.47 × 10−10,
rs1928295,"9:119,418,304","TLR4(B,N)",T/C,0.548,0.019,0.003,7.91 × 10−10,
rs9925964,"16:31,037,396","KAT8(N);ZNF646(M,Q); VKORC1(Q);",A/G,0.62,0.019,0.003,8.11 × 10−10,
rs11126666,"2:26,782,315","KCNK3(D,N)",A/G,0.283,0.021,0.003,1.33 × 10−9,
rs2650492,"16:28,240,912","SBK1(D,N); APOBR(B)",A/G,0.303,0.021,0.004,1.92 × 10−9,
rs6804842,"3:25,081,441",RARB(B),G/A,0.575,0.019,0.003,2.48 × 10−9,
rs4740619,"9:15,624,326","C9orf93(C,M,N)",T/C,0.542,0.018,0.003,4.56 × 10−9,
rs13191362,"6:162,953,340","PARK2(B,D,N)",A/G,0.879,0.028,0.005,7.34 × 10−9,
rs3736485,"15:49,535,902","SCG3(B,D); DMXL2(M,N)",A/G,0.454,0.018,0.003,7.41 × 10−9,
rs17001654,"4:77,348,592","NUP54(M); SCARB2(Q,N)",G/C,0.153,0.031,0.005,7.76 × 10−9,
rs11191560,"10:104,859,028",NT5C2(N); CYP17A1(B); SFXN2(Q),C/T,0.089,0.031,0.005,8.45 × 10−9,
rs1528435,"2:181,259,207",UBE2E3(N),T/C,0.631,0.018,0.003,1.20 × 10−8,
rs1000940,"17:5,223,976",RABEP1(N),G/A,0.32,0.019,0.003,1.28 × 10−8,
rs2033529,"6:40,456,631",TDRG1(N); LRFN2(D),G/A,0.293,0.019,0.003,1.39 × 10−8,
rs11583200,"1:50,332,407","ELAVL4(B,D,N,Q)",C/T,0.396,0.018,0.003,1.48 × 10−8,
rs9400239,"6:109,084,356","FOXO3(B,N); HSS00296402(Q)",C/T,0.688,0.019,0.003,1.61 × 10−8,
rs10733682,"9:128,500,735","LMX1B(B,N)",A/G,0.478,0.017,0.003,1.83 × 10−8,
rs11688816,"2:62,906,552","EHBP1(B,N)",G/A,0.525,0.017,0.003,1.89 × 10−8,
rs11057405,"12:121,347,850",CLIP1(N),G/A,0.901,0.031,0.006,2.02 × 10−8,
rs11727676,"4:145,878,514","HHIP(B,N)",T/C,0.91,0.036,0.006,2.55 × 10−8,
rs3849570,"3:81,874,802","GBE1(B,M,N)",A/C,0.359,0.019,0.003,2.60 × 10−8,
rs6477694,"9:110,972,163",EPB41L4B(N); C9orf4(D),C/T,0.365,0.017,0.003,2.67 × 10−8,
rs7899106,"10:87,400,884","GRID1(B,N)",G/A,0.052,0.04,0.007,2.96 × 10−8,
rs2176598,"11:43,820,854","HSD17B12(B,M,N)",T/C,0.251,0.02,0.004,2.97 × 10−8,
rs2245368,"7:76,446,079",PMS2L11(N),C/T,0.18,0.032,0.006,3.19 × 10−8,
rs17724992,"19:18,315,825","GDF15(B); PGPEP1(Q,N)",A/G,0.746,0.019,0.004,3.42 × 10−8,
rs7243357,"18:55,034,299","GRP(B,G,N)",T/G,0.812,0.022,0.004,3.86 × 10−8,
rs2033732,"8:85,242,264","RALYL(D,N)",C/T,0.747,0.019,0.004,4.89 × 10−8,
rs9641123,"7:93,035,668","CALCR(B,N); hsa-miR-653(Q)",C/G,0.43,0.029,0.005,2.08 × 10−10,EPB
rs7164727,"15:70,881,044","LOC100287559(N), BBS4(B,M,Q)",T/C,0.671,0.019,0.003,3.92 × 10−9,All
rs492400,"2:219,057,996","PLCD4(B,Q); CYP27A1(B); USP37(N);",C/T,0.424,0.024,0.004,6.78 × 10−9,Men
rs2080454,"16:47,620,091",CBLN1(N),C/A,0.413,0.017,0.003,8.60 × 10−9,All
rs7239883,"18:38,401,669","LOC284260(N); RIT2(B,D)",G/A,0.391,0.023,0.004,1.51 × 10−8,Women
rs2836754,"21:39,213,610",ETS2(N),C/T,0.599,0.017,0.003,1.61 × 10−8,All
rs9914578,"17:1,951,886","SMG6(D,N); N29617(Q)",G/C,0.229,0.02,0.004,2.07 × 10−8,All
rs977747,"1:47,457,264",TAL1(N),T/G,0.403,0.017,0.003,2.18 × 10−8,All
rs9374842,"6:120,227,364",LOC285762(N);,T/C,0.744,0.023,0.004,2.67 × 10−8,EPB
rs4787491,"16:29,922,838",MAPK3(D); KCTD13(D); INO80E(N);,G/A,0.51,0.022,0.004,2.70 × 10−8,EPB
rs1441264,"13:78,478,920",MIR548A2(N),A/G,0.613,0.017,0.003,2.96 × 10−8,All
rs17203016,"2:207,963,763","CREB1(B,N); KLF7(B)",G/A,0.195,0.021,0.004,3.41 × 10−8,All
rs16907751,"8:81,538,012",ZBTB10(N),C/T,0.913,0.047,0.009,3.89 × 10−8,Men
rs13201877,"6:137,717,234",IFNGR1(N); OLIG3(G),G/A,0.14,0.024,0.004,4.29 × 10−8,All
rs9540493,"13:65,103,705",MIR548X2(N); PCDH9(D),A/G,0.452,0.021,0.004,4.97 × 10−8,EPB
rs1460676,"2:164,275,935",FIGN(N),C/T,0.179,0.021,0.004,4.98 × 10−8,All
rs6465468,"7:95,007,450","ASB4(B,N)",T/G,0.306,0.025,0.005,4.98 × 10−8,Women
rs6091540,"20:50,521,269",ZFP64(N),C/T,0.721,0.03,0.004,2.15 × 10−11,Women
rs7715256,"5:153,518,086",GALNT10(N),G/T,0.422,0.017,0.003,8.85 × 10−9,All
rs2176040,"2:226,801,046","LOC646736(N); IRS1(B,Q)",A/G,0.365,0.024,0.004,9.99 × 10−9,
rs1558902,"16:52,361,075","FTO(B,N)",A/T,0.415,0.082,0.003,7.51E-153,
rs6567160,"18:55,980,115","MC4R(B,N)",C/T,0.236,0.056,0.004,3.93E-53,
rs13021737,"2:622,348",TMEM18(N),G/A,0.828,0.06,0.004,1.11E-50,
rs10938397,"4:44,877,284",GNPDA2(N); GABRG1(B),G/A,0.434,0.04,0.003,3.21E-38,
rs543874,"1:176,156,103",SEC16B(N),G/A,0.193,0.048,0.004,2.62E-35,
rs2207139,"6:50,953,449","TFAP2B(B,N)",G/A,0.177,0.045,0.004,4.13E-29,
rs11030104,"11:27,641,093","BDAF(B,M,N)",A/G,0.792,0.041,0.004,5.56E-28,
rs3101336,"1:72,523,773","NEGR1(B,C,D,N)",C/T,0.613,0.033,0.003,2.66E-26,
rs7138803,"12:48,533,735",BCDIN3D(N); FAIM2(D),A/G,0.384,0.032,0.003,8.15E-24,
rs10182181,"2:25,003,800","ADCY3(B,M,N,Q); POMC(B,G);",G/A,0.462,0.031,0.003,8.78E-24,
rs3888190,"16:28,796,987","ATXN2L(Q); SBK1(Q,D); SULT1A2(Q);",A/C,0.403,0.031,0.003,3.14E-23,
rs1516725,"3:187,306,698",E7V5(N),C/T,0.872,0.045,0.005,1.89E-22,
rs12446632,"16:19,842,890","GPRC5B(C,N); IQCK(Q)",G/A,0.865,0.04,0.005,1.48E-18,
rs2287019,"19:50,894,012","QPCTL(N); GIPR(B,M)",C/T,0.804,0.036,0.004,4.59E-18,
rs16951275,"15:65,864,222","M4P2K5(B,D,N); LBXCOR1(M)",T/C,0.784,0.031,0.004,1.91E-17,
rs3817334,"11:47,607,569","MTCH2(M,Q); C1QTNF4(Q,I); SPI1(Q);",T/C,0.407,0.026,0.003,5.15E-17,
rs2112347,"5:75,050,998",POC5(M); HMGCR(B); COL4A3BP(B),T/G,0.629,0.026,0.003,6.19E-17,
rs12566985,"1:74,774,781",FPGT-TNNI3K(N),G/A,0.446,0.024,0.003,3.28E-15,
rs3810291,"19:52,260,843","ZC3H4(D,N,Q)",A/G,0.666,0.028,0.004,4.81E-15,
rs7141420,"14:78,969,207","NRXN3(D,N)",T/C,0.527,0.024,0.003,1.23E-14,
rs13078960,"3:85,890,280","CADM2(D,N)",G/T,0.196,0.03,0.004,1.74E-14,
rs10968576,"9:28,404,339","LINGO2(D,N)",G/A,0.32,0.025,0.003,6.61E-14,
rs17024393,"1:109,956,211",GNAT2(N); AMPD2(D),C/T,0.04,0.066,0.009,7.03E-14,
rs12429545,"13:53,000,207","OLFM4(B,N)",A/G,0.133,0.033,0.005,1.09E-12,
rs13107325,"4:103,407,732","SLC39A8(M,N,Q)",T/C,0.072,0.048,0.007,1.83E-12,
rs11165643,"1:96,696,685","PTBP2(D,N)",T/C,0.583,0.022,0.003,2.07E-12,
rs17405819,"8:76,969,139","HNF4G(B,N)",T/C,0.7,0.022,0.003,2.07E-11,
rs1016287,"2:59,159,129",LINC01122(N),T/C,0.287,0.023,0.003,2.25E-11,
rs4256980,"11:8,630,515","TRIM66(D,M,N); TUB(B)",G/C,0.646,0.021,0.003,2.90E-11,
rs12401738,"1:78,219,349",FUBP1(N); USP33(D),A/G,0.352,0.021,0.003,1.15E-10,
rs205262,"6:34,671,142",C6orf106(N); SNRPC(Q),G/A,0.273,0.022,0.004,1.75E-10,
rs12016871,"13:26,915,782",MTIF3(N); GTF3A(Q),T/C,0.203,0.03,0.005,2.29E-10,
rs12940622,"17:76,230,166","RPTOR(B,N)",G/A,0.575,0.018,0.003,2.49E-09,
rs11847697,"14:29,584,863",PRKD1(N),T/C,0.042,0.049,0.008,3.99E-09,
rs2075650,"19:50,087,459","TOMM40(B,N); APOE(B); APOC1(B)",A/G,0.848,0.026,0.005,1.25E-08,
rs2121279,"2:142,759,755",LRP1B(N),T/C,0.152,0.025,0.004,2.31E-08,
rs29941,"19:39,001,372",KCTD15(N),G/A,0.669,0.018,0.003,2.41E-08,
rs1808579,"18:19,358,886","NPC1(B,G,M,Q); C18orf8(N,Q)",C/T,0.534,0.017,0.003,4.17E-08,
